ID,Name,Age,Gender,City,Contact (Email/Mobile),Perfect First Date,Random Thing That Makes You Laugh,Describe Your Vibe,Biggest Ick,Submission Date,Created At
12,Ram,20,Male,Hyderabad,1234567890,",",M,M,M,2026-01-16T18:39:19.581Z,2026-01-16T18:39:19.588Z
11,S,22,Male,Hyderabad,1234567890,M,M,M,M,2026-01-16T18:35:47.555Z,2026-01-16T18:35:47.561Z
10,Ram,20,Male,Hyderabad,1234567890,D,D,D,D,2026-01-16T18:18:06.599Z,2026-01-16T18:18:06.613Z
9,M,20,Male,Hyderabad,1234567890,E,Eeee,Ee,Ee,2026-01-16T17:57:20.393Z,2026-01-16T17:57:20.396Z
8,M,22,Male,Hyderabad,1234567890,W,W,W,Q,2026-01-16T17:37:58.709Z,2026-01-16T17:37:58.718Z
7,Dw,20,Male,Hyderabad,1234567890,We,Ewwewewe,W,E,2026-01-16T17:35:31.861Z,2026-01-16T17:35:31.914Z
6,Ddf,20,Male,Hyderabad,1234567890,4,Ff,Ff,Ff,2026-01-16T17:29:01.888Z,2026-01-16T17:29:01.889Z
5,Ram,22,Male,Hyderabad,1234567890,M,W,W,W,2026-01-16T15:38:11.068Z,2026-01-16T15:38:11.079Z
4,Test user 3,25,Male,Hyderabad,adjna@yahoo.com,Im ready for a srs rs,E,M,M,2026-01-16T15:32:30.818Z,2026-01-16T15:32:30.836Z
3,Test 3,21,Male,Hyderabad,1234567890,E,E,E,E,2026-01-16T15:18:44.179Z,2026-01-16T15:18:44.177Z
2,Test 2,18,Male,Hyderabad,1234567890,M,M,M,M,2026-01-16T15:17:51.782Z,2026-01-16T15:17:51.782Z
1,test user,18,Male,Bengaluru,1234567890,ready for a serious relationship,finding the right match,try to set things out,for the vibes to match,2026-01-16T15:04:19.045Z,2026-01-16T15:04:19.061Z